{
  "claim": "This is a baseline execution study, not an official benchmark reproduction.",
  "dataset": "UCI Dry Bean Dataset",
  "labelOrder": [
    "BARBUNYA",
    "BOMBAY",
    "CALI",
    "DERMASON",
    "HOROZ",
    "SEKER",
    "SIRA"
  ],
  "metrics": {
    "dummy_most_frequent": {
      "accuracy": 0.2605288932419197,
      "confusionMatrix": [
        [
          0,
          0,
          0,
          397,
          0,
          0,
          0
        ],
        [
          0,
          0,
          0,
          157,
          0,
          0,
          0
        ],
        [
          0,
          0,
          0,
          489,
          0,
          0,
          0
        ],
        [
          0,
          0,
          0,
          1064,
          0,
          0,
          0
        ],
        [
          0,
          0,
          0,
          578,
          0,
          0,
          0
        ],
        [
          0,
          0,
          0,
          608,
          0,
          0,
          0
        ],
        [
          0,
          0,
          0,
          791,
          0,
          0,
          0
        ]
      ],
      "macroF1": 0.059052059052059055,
      "perClassF1": {
        "BARBUNYA": 0.0,
        "BOMBAY": 0.0,
        "CALI": 0.0,
        "DERMASON": 0.4133644133644134,
        "HOROZ": 0.0,
        "SEKER": 0.0,
        "SIRA": 0.0
      }
    },
    "dummy_stratified": {
      "accuracy": 0.1696865817825661,
      "confusionMatrix": [
        [
          42,
          17,
          44,
          100,
          62,
          62,
          70
        ],
        [
          12,
          4,
          20,
          36,
          26,
          24,
          35
        ],
        [
          50,
          21,
          56,
          125,
          71,
          58,
          108
        ],
        [
          101,
          35,
          122,
          260,
          165,
          162,
          219
        ],
        [
          52,
          26,
          60,
          167,
          81,
          87,
          105
        ],
        [
          45,
          26,
          63,
          166,
          97,
          93,
          118
        ],
        [
          91,
          24,
          80,
          204,
          118,
          117,
          157
        ]
      ],
      "macroF1": 0.14025741693060867,
      "perClassF1": {
        "BARBUNYA": 0.10632911392405063,
        "BOMBAY": 0.025806451612903226,
        "CALI": 0.11991434689507495,
        "DERMASON": 0.24505183788878418,
        "HOROZ": 0.1352253756260434,
        "SEKER": 0.15359207266721717,
        "SIRA": 0.19588271990018716
      }
    },
    "logistic_regression": {
      "accuracy": 0.9218903036238981,
      "confusionMatrix": [
        [
          358,
          0,
          20,
          0,
          2,
          8,
          9
        ],
        [
          0,
          157,
          0,
          0,
          0,
          0,
          0
        ],
        [
          14,
          0,
          461,
          0,
          8,
          2,
          4
        ],
        [
          0,
          0,
          0,
          962,
          0,
          21,
          81
        ],
        [
          2,
          0,
          7,
          6,
          555,
          0,
          8
        ],
        [
          2,
          0,
          0,
          8,
          0,
          577,
          21
        ],
        [
          0,
          0,
          3,
          65,
          14,
          14,
          695
        ]
      ],
      "macroF1": 0.9346530851714174,
      "perClassF1": {
        "BARBUNYA": 0.926261319534282,
        "BOMBAY": 1.0,
        "CALI": 0.9408163265306122,
        "DERMASON": 0.9140142517814727,
        "HOROZ": 0.9593777009507347,
        "SEKER": 0.9382113821138212,
        "SIRA": 0.8638906152889994
      }
    },
    "random_forest": {
      "accuracy": 0.9196865817825661,
      "confusionMatrix": [
        [
          359,
          0,
          20,
          0,
          3,
          7,
          8
        ],
        [
          0,
          157,
          0,
          0,
          0,
          0,
          0
        ],
        [
          19,
          0,
          454,
          0,
          11,
          2,
          3
        ],
        [
          0,
          0,
          0,
          975,
          2,
          20,
          67
        ],
        [
          1,
          0,
          7,
          5,
          556,
          0,
          9
        ],
        [
          2,
          0,
          0,
          12,
          0,
          578,
          16
        ],
        [
          4,
          0,
          0,
          86,
          11,
          13,
          677
        ]
      ],
      "macroF1": 0.9322342413743672,
      "perClassF1": {
        "BARBUNYA": 0.9181585677749361,
        "BOMBAY": 1.0,
        "CALI": 0.9360824742268041,
        "DERMASON": 0.9103641456582633,
        "HOROZ": 0.9577950043066322,
        "SEKER": 0.9413680781758957,
        "SIRA": 0.8618714194780395
      }
    }
  },
  "seed": 42,
  "split": {
    "officialProtocolReproduced": false,
    "reason": "No official train/test split or exact paper protocol was reproduced.",
    "stratified": true,
    "testSize": 0.3
  },
  "splitClassCounts": {
    "test": {
      "BARBUNYA": 397,
      "BOMBAY": 157,
      "CALI": 489,
      "DERMASON": 1064,
      "HOROZ": 578,
      "SEKER": 608,
      "SIRA": 791
    },
    "train": {
      "BARBUNYA": 925,
      "BOMBAY": 365,
      "CALI": 1141,
      "DERMASON": 2482,
      "HOROZ": 1350,
      "SEKER": 1419,
      "SIRA": 1845
    }
  },
  "stratified": true,
  "testSize": 0.3
}
