{
  "balancedLogistic": {
    "accuracy": 0.9160137120470128,
    "confusionMatrix": [
      [
        361,
        0,
        19,
        0,
        2,
        8,
        7
      ],
      [
        0,
        157,
        0,
        0,
        0,
        0,
        0
      ],
      [
        15,
        0,
        463,
        0,
        8,
        2,
        1
      ],
      [
        0,
        0,
        0,
        927,
        0,
        23,
        114
      ],
      [
        2,
        0,
        8,
        5,
        556,
        0,
        7
      ],
      [
        2,
        0,
        0,
        7,
        0,
        577,
        22
      ],
      [
        0,
        0,
        7,
        49,
        15,
        20,
        700
      ]
    ],
    "macroF1": 0.9308695654892312,
    "perClassF1": {
      "BARBUNYA": 0.9292149292149292,
      "BOMBAY": 1.0,
      "CALI": 0.9391480730223124,
      "DERMASON": 0.9035087719298246,
      "HOROZ": 0.9594477998274374,
      "SEKER": 0.9321486268174475,
      "SIRA": 0.8526187576126675
    }
  },
  "baseline": "plain_logistic_regression",
  "decision": "reject_no_macro_f1_gain",
  "extension": "class_weight_balanced_logistic_regression",
  "macroF1Delta": -0.003783519682186265,
  "minorityClassF1Delta": {
    "BARBUNYA": 0.0029536096806471734,
    "BOMBAY": 0.0
  },
  "plainLogistic": {
    "accuracy": 0.9218903036238981,
    "confusionMatrix": [
      [
        358,
        0,
        20,
        0,
        2,
        8,
        9
      ],
      [
        0,
        157,
        0,
        0,
        0,
        0,
        0
      ],
      [
        14,
        0,
        461,
        0,
        8,
        2,
        4
      ],
      [
        0,
        0,
        0,
        962,
        0,
        21,
        81
      ],
      [
        2,
        0,
        7,
        6,
        555,
        0,
        8
      ],
      [
        2,
        0,
        0,
        8,
        0,
        577,
        21
      ],
      [
        0,
        0,
        3,
        65,
        14,
        14,
        695
      ]
    ],
    "macroF1": 0.9346530851714174,
    "perClassF1": {
      "BARBUNYA": 0.926261319534282,
      "BOMBAY": 1.0,
      "CALI": 0.9408163265306122,
      "DERMASON": 0.9140142517814727,
      "HOROZ": 0.9593777009507347,
      "SEKER": 0.9382113821138212,
      "SIRA": 0.8638906152889994
    }
  },
  "seed": 42
}
