{
  "tool": "metric_stress_validator",
  "toolStatus": "used_successfully_limited",
  "rows": 5620,
  "features": 64,
  "classBalance": {
    "0": 554,
    "1": 571,
    "2": 557,
    "3": 572,
    "4": 568,
    "5": 558,
    "6": 558,
    "7": 566,
    "8": 554,
    "9": 562
  },
  "split": {
    "testSize": 0.3,
    "randomState": 909,
    "stratified": true
  },
  "majorityBaseline": {
    "accuracy": 0.10142348754448399,
    "balancedAccuracy": 0.1,
    "f1Macro": 0.01841680129240711,
    "confusionMatrix": [
      [
        0,
        166,
        0,
        0,
        0,
        0,
        0,
        0,
        0,
        0
      ],
      [
        0,
        171,
        0,
        0,
        0,
        0,
        0,
        0,
        0,
        0
      ],
      [
        0,
        167,
        0,
        0,
        0,
        0,
        0,
        0,
        0,
        0
      ],
      [
        0,
        172,
        0,
        0,
        0,
        0,
        0,
        0,
        0,
        0
      ],
      [
        0,
        170,
        0,
        0,
        0,
        0,
        0,
        0,
        0,
        0
      ],
      [
        0,
        167,
        0,
        0,
        0,
        0,
        0,
        0,
        0,
        0
      ],
      [
        0,
        168,
        0,
        0,
        0,
        0,
        0,
        0,
        0,
        0
      ],
      [
        0,
        170,
        0,
        0,
        0,
        0,
        0,
        0,
        0,
        0
      ],
      [
        0,
        166,
        0,
        0,
        0,
        0,
        0,
        0,
        0,
        0
      ],
      [
        0,
        169,
        0,
        0,
        0,
        0,
        0,
        0,
        0,
        0
      ]
    ]
  },
  "logisticChallenger": {
    "accuracy": 0.9744958481613286,
    "balancedAccuracy": 0.9745238011908928,
    "f1Macro": 0.9744686828418552,
    "confusionMatrix": [
      [
        165,
        0,
        0,
        0,
        1,
        0,
        0,
        0,
        0,
        0
      ],
      [
        0,
        164,
        1,
        0,
        1,
        0,
        1,
        1,
        3,
        0
      ],
      [
        1,
        2,
        161,
        1,
        0,
        0,
        1,
        0,
        0,
        1
      ],
      [
        0,
        0,
        1,
        165,
        0,
        2,
        0,
        0,
        2,
        2
      ],
      [
        0,
        0,
        0,
        0,
        168,
        0,
        1,
        0,
        0,
        1
      ],
      [
        0,
        0,
        1,
        1,
        0,
        164,
        0,
        0,
        0,
        1
      ],
      [
        0,
        1,
        0,
        0,
        0,
        0,
        167,
        0,
        0,
        0
      ],
      [
        0,
        0,
        0,
        0,
        0,
        0,
        0,
        169,
        0,
        1
      ],
      [
        1,
        2,
        0,
        0,
        0,
        2,
        1,
        1,
        158,
        1
      ],
      [
        0,
        1,
        0,
        2,
        1,
        1,
        0,
        2,
        0,
        162
      ]
    ]
  },
  "shuffledLabelControl": {
    "accuracy": 0.13819691577698695,
    "balancedAccuracy": 0.13836878156837795,
    "f1Macro": 0.1378126554697879,
    "confusionMatrix": [
      [
        39,
        22,
        9,
        14,
        22,
        4,
        5,
        20,
        2,
        29
      ],
      [
        38,
        29,
        10,
        37,
        10,
        11,
        9,
        16,
        11,
        0
      ],
      [
        13,
        5,
        5,
        46,
        18,
        11,
        8,
        19,
        7,
        35
      ],
      [
        19,
        5,
        21,
        15,
        18,
        5,
        19,
        34,
        10,
        26
      ],
      [
        3,
        19,
        13,
        28,
        28,
        21,
        9,
        11,
        32,
        6
      ],
      [
        11,
        13,
        23,
        28,
        14,
        9,
        11,
        38,
        9,
        11
      ],
      [
        25,
        4,
        26,
        24,
        9,
        10,
        17,
        16,
        34,
        3
      ],
      [
        4,
        35,
        21,
        22,
        21,
        23,
        9,
        18,
        12,
        5
      ],
      [
        20,
        21,
        9,
        15,
        6,
        4,
        11,
        20,
        41,
        19
      ],
      [
        23,
        12,
        26,
        10,
        29,
        1,
        9,
        19,
        8,
        32
      ]
    ]
  },
  "flags": {
    "challengerBeatsMajorityBalancedAccuracy": true,
    "shuffledControlSuspicious": false,
    "accuracyCouldHideClassFailure": false
  },
  "falsePositiveFalseNegativeAnalysis": {
    "available": false,
    "falsePositiveRate": null,
    "falseNegativeRate": null
  },
  "toolGapAddressed": "sklearn.metrics computes metrics, but this tool binds them to dummy and shuffled-label controls and emits explicit inflation and FP/FN checks.",
  "limitations": [
    "It validates one deterministic split, not every official benchmark protocol.",
    "It cannot prove absence of leakage without source-specific split metadata."
  ]
}
