{
  "baselineModeling": {
    "scores": {
      "dummy_most_frequent": {
        "accuracy": 0.5721784776902887,
        "confusionMatrix": [
          [
            0,
            489
          ],
          [
            0,
            654
          ]
        ],
        "macroF1": 0.3639398998330551,
        "perClassF1": {
          "Cammeo": 0.0,
          "Osmancik": 0.7278797996661102
        },
        "topConfusions": [
          {
            "count": 489,
            "predicted": "Osmancik",
            "true": "Cammeo"
          }
        ],
        "weakestClass": "Cammeo",
        "weakestClassF1": 0.0
      },
      "dummy_stratified": {
        "accuracy": 0.49081364829396323,
        "confusionMatrix": [
          [
            198,
            291
          ],
          [
            291,
            363
          ]
        ],
        "macroF1": 0.47997692350987786,
        "perClassF1": {
          "Cammeo": 0.4049079754601227,
          "Osmancik": 0.555045871559633
        },
        "topConfusions": [
          {
            "count": 291,
            "predicted": "Osmancik",
            "true": "Cammeo"
          },
          {
            "count": 291,
            "predicted": "Cammeo",
            "true": "Osmancik"
          }
        ],
        "weakestClass": "Cammeo",
        "weakestClassF1": 0.4049079754601227
      },
      "logistic_regression": {
        "accuracy": 0.9195100612423447,
        "confusionMatrix": [
          [
            434,
            55
          ],
          [
            37,
            617
          ]
        ],
        "macroF1": 0.9173925339366515,
        "perClassF1": {
          "Cammeo": 0.9041666666666667,
          "Osmancik": 0.9306184012066365
        },
        "topConfusions": [
          {
            "count": 55,
            "predicted": "Osmancik",
            "true": "Cammeo"
          },
          {
            "count": 37,
            "predicted": "Cammeo",
            "true": "Osmancik"
          }
        ],
        "weakestClass": "Cammeo",
        "weakestClassF1": 0.9041666666666667
      },
      "random_forest": {
        "accuracy": 0.926509186351706,
        "confusionMatrix": [
          [
            436,
            53
          ],
          [
            31,
            623
          ]
        ],
        "macroF1": 0.9244879982382735,
        "perClassF1": {
          "Cammeo": 0.9121338912133892,
          "Osmancik": 0.9368421052631579
        },
        "topConfusions": [
          {
            "count": 53,
            "predicted": "Osmancik",
            "true": "Cammeo"
          },
          {
            "count": 31,
            "predicted": "Cammeo",
            "true": "Osmancik"
          }
        ],
        "weakestClass": "Cammeo",
        "weakestClassF1": 0.9121338912133892
      }
    },
    "split": {
      "randomState": 42,
      "stratified": true,
      "testRows": 1143,
      "testSize": 0.3,
      "trainRows": 2667
    }
  },
  "dataFile": {
    "publicName": "rice-cammeo-osmancik.csv",
    "sha256": "4c8c6d315d071ca9d78ca32cde0b5072d37b2f9f06fa9acc1fd6540ab738f3c3"
  },
  "doi": null,
  "expectedMetric": "accuracy and macro-F1",
  "expectedTask": "binary classification of rice grain varieties from image-derived morphology features",
  "extensionAttempts": [
    {
      "accuracy": 0.9238845144356955,
      "baselineCompared": "logistic_regression",
      "baselineMacroF1": 0.9173925339366515,
      "decision": "accepted_measured_macro_f1_gain",
      "description": "class-imbalance-aware linear model",
      "extension": "class_weight_balanced_logistic_regression",
      "extensionMacroF1": 0.9222845790678464,
      "macroF1Delta": 0.0048920451311949,
      "weakestClass": "Cammeo",
      "weakestClassF1": 0.9111338100102145
    },
    {
      "accuracy": 0.9212598425196851,
      "baselineCompared": "random_forest",
      "baselineMacroF1": 0.9244879982382735,
      "decision": "rejected_macro_f1_decrease",
      "description": "class-imbalance-aware tree model",
      "extension": "class_weight_balanced_random_forest",
      "extensionMacroF1": 0.9190464048954615,
      "macroF1Delta": -0.005441593342812023,
      "weakestClass": "Cammeo",
      "weakestClassF1": 0.9056603773584906
    }
  ],
  "hardQuestionAnswer": {
    "metricToolBeyondSklearn": "The tool mainly added structured anti-hype controls; normal sklearn metrics still explain the base numbers.",
    "schemaToolBeyondPandas": "The tool did not beat pandas for raw discovery, but it packaged hash-bound evidence and limitations."
  },
  "headerlessDataFile": {
    "publicName": "rice-cammeo-osmancik-headerless.csv",
    "sha256": "39c707a0e31dfb5203e120159558372aaef8894bfe4951d92bd8be16e409f30f"
  },
  "knownLimitations": [
    "No official train/test split was followed in this run.",
    "Image-derived morphology features may be highly separable, so high scores can be ordinary baseline behavior."
  ],
  "label": "UCI Rice Cammeo/Osmancik",
  "loaded": true,
  "metricStress": {
    "accuracyMinusMacroF1": 0.0021175273056931454,
    "logisticAccuracyBySeed": [
      0.9195100612423447,
      0.9195100612423447,
      0.9378827646544182,
      0.9238845144356955
    ],
    "logisticAccuracyRange": [
      0.9195100612423447,
      0.9378827646544182
    ],
    "logisticMacroF1BySeed": [
      0.9179622405991574,
      0.9173925339366515,
      0.9364435551135006,
      0.9223241590214067
    ],
    "logisticMacroF1Range": [
      0.9173925339366515,
      0.9364435551135006
    ],
    "seeds": [
      7,
      42,
      99,
      2026
    ],
    "simpleBaselineExplainsResult": false,
    "stratifiedVsNonStratified": {
      "deltaNonStratMinusStrat": 0.011768993893633617,
      "nonStratifiedMacroF1": 0.9291615278302852,
      "stratifiedMacroF1": 0.9173925339366515
    },
    "weakestClass": "Cammeo",
    "weakestClassF1": 0.9041666666666667
  },
  "metricToolReport": {
    "classBalance": {
      "Cammeo": 1630,
      "Osmancik": 2180
    },
    "falsePositiveFalseNegativeAnalysis": {
      "available": true,
      "falseNegativeRate": 0.05657492354740061,
      "falsePositiveRate": 0.11247443762781185
    },
    "features": 7,
    "flags": {
      "accuracyCouldHideClassFailure": false,
      "challengerBeatsMajorityBalancedAccuracy": true,
      "shuffledControlSuspicious": false
    },
    "limitations": [
      "It validates one deterministic split, not every official benchmark protocol.",
      "It cannot prove absence of leakage without source-specific split metadata."
    ],
    "logisticChallenger": {
      "accuracy": 0.9195100612423447,
      "balancedAccuracy": 0.9154753194123938,
      "confusionMatrix": [
        [
          434,
          55
        ],
        [
          37,
          617
        ]
      ],
      "f1Macro": 0.9173925339366515,
      "falseNegativeRate": 0.05657492354740061,
      "falsePositiveRate": 0.11247443762781185
    },
    "majorityBaseline": {
      "accuracy": 0.5721784776902887,
      "balancedAccuracy": 0.5,
      "confusionMatrix": [
        [
          0,
          489
        ],
        [
          0,
          654
        ]
      ],
      "f1Macro": 0.3639398998330551,
      "falseNegativeRate": 0.0,
      "falsePositiveRate": 1.0
    },
    "rows": 3810,
    "shuffledLabelControl": {
      "accuracy": 0.5721784776902887,
      "balancedAccuracy": 0.5005159377872835,
      "confusionMatrix": [
        [
          2,
          487
        ],
        [
          2,
          652
        ]
      ],
      "f1Macro": 0.3676931587682095,
      "falseNegativeRate": 0.0030581039755351682,
      "falsePositiveRate": 0.9959100204498977
    },
    "split": {
      "randomState": 42,
      "stratified": true,
      "testSize": 0.3
    },
    "tool": "metric_stress_validator",
    "toolGapAddressed": "sklearn.metrics computes metrics, but this tool binds them to dummy and shuffled-label controls and emits explicit inflation and FP/FN checks.",